x	y	class	name	color
80.14606741573034	2.539325842696629		no label	0
91.1364522417154	13.666666666666666		no label	0
132.4592145015106	6.673716012084592		no label	0
336.5418060200669	9.491638795986622		no label	0
493.35185185185185	8.21111111111111		no label	0
549.3953488372093	1.802325581395349		no label	0
615.9208633093525	4.60431654676259		no label	0
665.1016260162602	6.073170731707317		no label	0
846.5615384615385	10.976923076923077		no label	0
1082.2974137931035	12.862068965517242		no label	0
942.2395348837209	17.658139534883723		no label	0
1054.8333333333333	17.25		no label	0
980.2314606741573	20.591011235955058		no label	0
183.025	16.175		no label	0
900.6568047337278	18.485207100591715		no label	0
542.2648221343874	30.383399209486164		no label	0
913.9367088607595	22.196202531645568		no label	0
518.1634615384615	27.375		no label	0
865.358870967742	26.91532258064516		no label	0
264.22857142857146	24.314285714285713		no label	0
569.6436170212766	35.76418439716312		no label	0
1085.4035087719299	26.70175438596491		no label	0
728.3913043478261	30.52173913043478		no label	0
105.89090909090909	34.47272727272727		no label	0
985.2640692640692	38.21356421356421		no label	0
1070.9655172413793	48.68181818181819		no label	0
263.9183673469388	36.714285714285715		no label	0
471.26640926640925	42.092664092664094		no label	0
921.8844621513945	42.07171314741036		no label	0
276.39869281045753	43.947712418300654		no label	0
953.978813559322	47.94491525423729		no label	0
936.2044444444444	49.751111111111115		no label	0
671.1981981981982	54.51801801801802		no label	0
443.97402597402595	54.37229437229437		no label	0
859.6263736263736	54.44505494505495		no label	0
1058.2552693208431	61.468384074941454		no label	0
903.5703125	62.7734375		no label	0
888.1792717086835	65.92436974789916		no label	0
193.83333333333334	67.54065040650407		no label	0
977.2249388753056	67.79462102689487		no label	0
659.8513119533528	68.46355685131195		no label	0
959.2542372881356	64.61016949152543		no label	0
918.7170542635658	74.01550387596899		no label	0
936.1065573770492	71.73770491803279		no label	0
335.6746794871795	76.21634615384616		no label	0
461.65577889447235	76.79899497487438		no label	0
210.73535353535354	82.22626262626262		no label	0
591.7136150234742	84.44444444444444		no label	0
756.0243902439024	78.08536585365853		no label	0
858.1313131313132	83.64646464646465		no label	0
840.1208333333333	82.8125		no label	0
958.9852941176471	82.24019607843137		no label	0
521.7981220657277	84.6244131455399		no label	0
827.4149855907781	89.8299711815562		no label	0
1046.9351851851852	82.91666666666667		no label	0
363.0	85.4186046511628		no label	0
902.9772727272727	89.90530303030303		no label	0
659.2844444444445	93.17333333333333		no label	0
935.6363636363636	91.9309090909091		no label	0
1012.9444444444445	89.54444444444445		no label	0
67.1595394736842	98.34375		no label	0
952.2380952380952	97.11904761904762		no label	0
877.6818181818181	98.27272727272728		no label	0
965.5722222222222	94.37222222222222		no label	0
325.1982864137087	103.29865361077111		no label	0
640.3736263736264	99.81868131868131		no label	0
858.7857142857143	112.64030612244898		no label	0
915.233918128655	103.47368421052632		no label	0
1053.3255813953488	101.87596899224806		no label	0
185.81220657276995	104.46009389671362		no label	0
216.75	105.08333333333333		no label	0
489.30732484076435	106.63535031847134		no label	0
624.9157175398633	109.6879271070615		no label	0
135.71223021582733	108.42446043165468		no label	0
1071.178947368421	109.81052631578947		no label	0
896.2485875706215	115.66666666666667		no label	0
397.50545454545454	116.58181818181818		no label	0
233.1505016722408	122.96655518394648		no label	0
365.3237774030354	122.0893760539629		no label	0
654.9751773049645	121.45035460992908		no label	0
928.3511450381679	126.27735368956743		no label	0
944.6851063829787	121.71489361702127		no label	0
1083.7914438502673	123.29411764705883		no label	0
972.0175438596491	120.17543859649123		no label	0
694.4915254237288	122.55932203389831		no label	0
168.24694376528117	128.40097799511003		no label	0
958.4671052631579	124.90131578947368		no label	0
205.3421052631579	127.47368421052632		no label	0
285.5388888888889	131.02777777777777		no label	0
609.0909090909091	126.31347962382445		no label	0
914.9574468085107	125.04255319148936		no label	0
983.0753138075314	128.0418410041841		no label	0
251.28371278458843	134.09807355516637		no label	0
674.9010989010989	129.52747252747253		no label	0
773.0103092783505	133.5429553264605		no label	0
1067.5714285714287	133.51339285714286		no label	0
150.12413793103448	137.95172413793102		no label	0
513.6116071428571	147.26785714285714		no label	0
641.3837209302326	137.3294573643411		no label	0
562.6412825651303	145.13927855711424		no label	0
852.7772277227723	140.990099009901		no label	0
709.5547445255474	141.57177615571777		no label	0
192.88537549407116	142.81422924901185		no label	0
478.70777027027026	146.16047297297297		no label	0
132.55135135135134	148.73243243243243		no label	0
92.42671009771988	153.80781758957656		no label	0
600.0027472527472	147.79395604395603		no label	0
934.8796992481203	144.13533834586465		no label	0
1080.8418604651163	146.72558139534883		no label	0
234.45454545454547	146.3272727272727		no label	0
838.2911764705882	155.1970588235294		no label	0
783.8776758409786	153.42813455657492		no label	0
115.63942307692308	160.15865384615384		no label	0
394.1759259259259	150.77777777777777		no label	0
664.7375690607735	157.02762430939225		no label	0
441.98902821316614	163.34639498432603		no label	0
198.2875318066158	160.11959287531806		no label	0
710.6125954198474	159.94656488549617		no label	0
1046.7352342158858	166.4806517311609		no label	0
629.6677852348994	164.31543624161074		no label	0
253.76727272727274	168.89454545454547		no label	0
630.6044499381953	179.40667490729294		no label	0
877.5360360360361	177.13738738738738		no label	0
273.5590551181102	171.17322834645668		no label	0
401.48936170212767	174.79497098646036		no label	0
734.5545023696683	174.07109004739337		no label	0
693.8367346938776	176.3877551020408		no label	0
944.0819672131148	176.327868852459		no label	0
195.97594501718214	176.35051546391753		no label	0
902.3513513513514	183.82972972972973		no label	0
78.82464454976304	188.36729857819904		no label	0
717.1338199513382	183.35766423357666		no label	0
953.6464646464647	183.36363636363637		no label	0
651.9082568807339	189.7821100917431		no label	0
218.3178082191781	190.85479452054796		no label	0
256.8208333333333	189.99583333333334		no label	0
829.016129032258	186.29032258064515		no label	0
767.2520325203252	189.21544715447155		no label	0
276.20171673819743	191.5021459227468		no label	0
922.4201388888889	194.96875		no label	0
1047.7676056338028	195.17957746478874		no label	0
351.3015463917526	201.2577319587629		no label	0
372.4387755102041	196.5204081632653		no label	0
670.1238273921201	198.656660412758		no label	0
733.2705882352941	196.14901960784314		no label	0
755.3031674208145	198.98642533936652		no label	0
450.2088266953714	208.1087190527449		no label	0
956.2515592515592	209.9043659043659		no label	0
702.1453590192644	213.10683012259193		no label	0
935.2090395480226	208.5141242937853		no label	0
689.7055555555555	207.80555555555554		no label	0
640.2906976744187	206.12790697674419		no label	0
787.9078341013825	210.17972350230414		no label	0
226.66129032258064	214.33870967741936		no label	0
1073.2997198879552	216.1204481792717		no label	0
80.7948717948718	217.41310541310543		no label	0
875.0655737704918	222.56908665105385		no label	0
909.7822580645161	217.96774193548387		no label	0
415.64251781472683	227.70783847980996		no label	0
668.6012364760433	221.29366306027822		no label	0
981.5294117647059	216.5		no label	0
244.64661654135338	218.5263157894737		no label	0
468.3134715025907	229.51554404145077		no label	0
717.2908438061041	231.36804308797127		no label	0
762.1915887850467	226.70560747663552		no label	0
961.0730337078652	226.5561797752809		no label	0
796.5729537366548	230.76868327402136		no label	0
778.8197674418604	231.37790697674419		no label	0
812.4885496183206	233.70992366412213		no label	0
681.9098591549296	237.9661971830986		no label	0
985.5371287128713	237.12623762376236		no label	0
243.39453717754174	244.61911987860395		no label	0
1082.443661971831	242.08802816901408		no label	0
751.5864978902954	243.17088607594937		no label	0
88.85106382978724	239.5531914893617		no label	0
931.8315508021391	251.16310160427807		no label	0
822.9383561643835	252.5068493150685		no label	0
971.4444444444445	251.26984126984127		no label	0
722.9466357308585	259.71152358855375		no label	0
422.01262626262627	255.25757575757575		no label	0
471.91847826086956	253.42210144927537		no label	0
78.85654885654886	258.4844074844075		no label	0
393.09554140127386	257.5668789808917		no label	0
286.45	252.125		no label	0
271.82547169811323	255.0990566037736		no label	0
1033.1328903654485	259.40199335548175		no label	0
497.5522875816994	263.17973856209153		no label	0
1084.9727891156463	263.7074829931973		no label	0
349.6484641638225	270.2798634812287		no label	0
754.0560747663551	269.4579439252336		no label	0
978.9316770186335	276.2173913043478		no label	0
275.03083700440527	272.77973568281936		no label	0
997.2266666666667	288.34333333333336		no label	0
505.7546992481203	288.9107142857143		no label	0
922.8396501457726	282.9533527696793		no label	0
774.6869244935543	283.7209944751381		no label	0
945.8215767634855	283.0622406639004		no label	0
231.4128078817734	289.9172413793103		no label	0
294.76623376623377	283.38961038961037		no label	0
358.4	285.2188235294118		no label	0
390.8668831168831	290.28084415584414		no label	0
854.0625	285.57142857142856		no label	0
1037.7581120943953	292.4572271386431		no label	0
282.65098039215684	293.6470588235294		no label	0
802.5824324324325	294.27702702702703		no label	0
295.45569620253167	293.53164556962025		no label	0
872.4888888888889	295.0111111111111		no label	0
100.3970588235294	305.5404411764706		no label	0
417.22305764411027	310.90977443609023		no label	0
358.84330484330485	305.61538461538464		no label	0
915.5384615384615	305.6307692307692		no label	0
313.8021978021978	306.1758241758242		no label	0
304.32919254658384	308.75155279503105		no label	0
926.3272727272728	310.3727272727273		no label	0
388.1061224489796	315.2		no label	0
818.9418132611637	317.18673883626525		no label	0
1005.8867924528302	316.55345911949684		no label	0
534.8127853881278	318.29680365296804		no label	0
454.15841584158414	316.9009900990099		no label	0
890.859872611465	316.2484076433121		no label	0
974.5790960451977	322.05649717514126		no label	0
1082.7946859903382	326.4685990338164		no label	0
127.12012987012987	320.14935064935065		no label	0
479.0968992248062	319.62790697674416		no label	0
959.8350515463917	319.6443298969072		no label	0
275.6300366300366	325.6080586080586		no label	0
72.90625	326.8229166666667		no label	0
934.8692810457517	326.921568627451		no label	0
316.5746140651801	327.65523156089193		no label	0
30.244827586206895	329.49655172413793		no label	0
902.8790560471977	330.3746312684366		no label	0
837.3248847926267	330.61290322580646		no label	0
425.0711111111111	331.76444444444445		no label	0
98.80263157894737	337.5833333333333		no label	0
539.1137184115523	338.33393501805057		no label	0
1008.0671378091873	339.565371024735		no label	0
130.61708860759495	339.55379746835445		no label	0
252.35294117647058	338.8067226890756		no label	0
368.0625	346.4401041666667		no label	0
477.27433628318585	343.646017699115		no label	0
826.2309210526316	348.89934210526314		no label	0
76.60377358490567	344.0377358490566		no label	0
981.4488448844885	345.55445544554453		no label	0
933.6927223719676	349.3719676549865		no label	0
1067.0454545454545	346.7		no label	0
110.14121037463977	365.7348703170029		no label	0
411.18932038834953	354.8349514563107		no label	0
951.6372549019608	359.8799019607843		no label	0
1026.3716475095785	356.8927203065134		no label	0
498.6529850746269	358.44776119402985		no label	0
246.66320166320168	360.97297297297297		no label	0
556.5498489425981	361.6299093655589		no label	0
1065.0	358.1521739130435		no label	0
851.5381062355658	359.6766743648961		no label	0
884.6283185840708	362.2300884955752		no label	0
90.45309734513275	372.84601769911507		no label	0
912.2142857142857	370.14285714285717		no label	0
593.4445414847162	385.3589519650655		no label	0
929.1030534351145	371.2824427480916		no label	0
807.1465968586388	376.2268760907504		no label	0
36.5	371.6666666666667		no label	0
899.3214285714286	372.42857142857144		no label	0
491.0576923076923	380.5		no label	0
1058.361111111111	377.9277777777778		no label	0
259.77710843373495	377.86746987951807		no label	0
987.0901639344262	380.2663934426229		no label	0
557.0845771144278	386.15671641791045		no label	0
831.6939351198872	384.62764456981665		no label	0
511.0194174757282	383.08252427184465		no label	0
1018.7639257294429	387.18832891246683		no label	0
49.610921501706486	385.01706484641636		no label	0
857.7591911764706	396.3841911764706		no label	0
626.0556844547564	399.79350348027845		no label	0
669.0370370370371	399.4567901234568		no label	0
984.4335260115607	397.02890173410407		no label	0
894.7666666666667	398.05555555555554		no label	0
84.54094827586206	406.29525862068965		no label	0
1065.6480446927374	405.12011173184356		no label	0
963.1037463976945	409.1095100864553		no label	0
1006.591304347826	405.8782608695652		no label	0
54.89655172413793	406.9080459770115		no label	0
1039.6949152542372	409.6553672316384		no label	0
1084.9754601226994	408.9509202453988		no label	0
579.2326530612245	408.8204081632653		no label	0
904.33	409.54		no label	0
436.34466019417476	412.1601941747573		no label	0
995.4805194805194	408.83116883116884		no label	0
644.6110154905335	414.28743545611013		no label	0
921.5151515151515	412.8874458874459		no label	0
101.88888888888889	420.4480286738351		no label	0
528.7129411764706	417.41411764705884		no label	0
781.8666666666667	417.24242424242425		no label	0
820.5506329113924	423.6677215189873		no label	0
619.4679802955665	416.9458128078818		no label	0
449.1485714285714	426.6857142857143		no label	0
260.4113345521024	426.6654478976234		no label	0
281.43169398907105	423.7103825136612		no label	0
604.4685615848407	438.4926787252369		no label	0
1047.9403973509934	432.67384105960264		no label	0
923.6816143497758	426.74439461883406		no label	0
1028.4334600760455	429.9847908745247		no label	0
895.0031347962382	429.3636363636364		no label	0
1004.3098039215686	433.8156862745098		no label	0
75.94	435.02666666666664		no label	0
961.9030927835051	437.49484536082474		no label	0
638.5324074074074	439.1990740740741		no label	0
940.0977443609023	440.77443609022555		no label	0
277.4025974025974	440.8831168831169		no label	0
518.2142857142857	439.8469387755102		no label	0
978.843537414966	442.90816326530614		no label	0
1067.2188940092167	448.57142857142856		no label	0
92.37874659400545	447.8256130790191		no label	0
792.2385740402194	452.57129798903105		no label	0
145.60990712074303	448.9504643962848		no label	0
832.7834507042254	446.25528169014086		no label	0
525.8372093023256	449.95348837209303		no label	0
294.184962406015	456.77744360902255		no label	0
646.4930715935335	459.4838337182448		no label	0
707.0	459.2503022974607		no label	0
1017.925	455.5		no label	0
1086.0114942528735	455.82758620689657		no label	0
749.9985052316891	464.68908819133037		no label	0
898.7400881057268	456.33920704845815		no label	0
50.03846153846154	459.97435897435895		no label	0
518.3461538461538	461.03076923076924		no label	0
8.751412429378531	468.5		no label	0
817.5625587958608	474.57290686735655		no label	0
969.4376590330788	471.33078880407123		no label	0
1030.3688663282571	477.50592216582066		no label	0
1006.1084905660377	472.74056603773585		no label	0
1057.2354740061162	475.0581039755352		no label	0
55.22033898305085	472.57062146892656		no label	0
992.9047619047619	472.1666666666667		no label	0
623.0215924426451	483.42914979757086		no label	0
135.41037735849056	479.061320754717		no label	0
659.112426035503	479.17455621301775		no label	0
692.3057324840764	478.5668789808917		no label	0
1084.7448979591836	481.3673469387755		no label	0
876.5431034482758	482.0948275862069		no label	0
416.5921052631579	488.4398496240602		no label	0
161.0529411764706	486.71176470588233		no label	0
545.7821138211382	495.44552845528455		no label	0
373.64102564102564	489.2087912087912		no label	0
712.911680911681	496.45868945868943		no label	0
356.6142857142857	490.6142857142857		no label	0
745.9021276595745	493.24893617021274		no label	0
21.970976253298154	495.74934036939317		no label	0
304.7730375426621	497.0		no label	0
138.16517857142858	496.75892857142856		no label	0
660.1179941002949	498.9233038348083		no label	0
4.0508474576271185	501.71751412429376		no label	0
783.3596214511041	504.3501577287066		no label	0
449.26612903225805	501.4274193548387		no label	0
371.3342175066313	507.2254641909814		no label	0
399.40714285714284	503.5357142857143		no label	0
1016.2161520190024	509.95961995249405		no label	0
1055.318987341772	506.1594936708861		no label	0
635.0446009389672	507.7723004694836		no label	0
947.9570707070707	507.76262626262627		no label	0
317.9641255605381	515.204783258595		no label	0
682.2645669291338	512.7322834645669		no label	0
1082.6352201257862	504.6792452830189		no label	0
473.8675799086758	509.17808219178085		no label	0
390.9850746268657	511.64179104477614		no label	0
736.7256544502618	520.1539267015706		no label	0
975.9277108433735	512.9036144578313		no label	0
864.1316397228637	520.9422632794457		no label	0
101.88848263254113	529.8829981718465		no label	0
415.0888888888889	522.5619047619048		no label	0
169.304114490161	520.7245080500894		no label	0
30.619926199261993	523.1107011070111		no label	0
504.0247524752475	521.990099009901		no label	0
1066.4795918367347	525.469387755102		no label	0
137.40503875968992	529.1976744186046		no label	0
662.8914100486223	536.4578606158833		no label	0
482.5360824742268	524.5154639175257		no label	0
1086.5405405405406	522.1081081081081		no label	0
964.5508474576271	526.5762711864406		no label	0
1077.683870967742	527.1096774193549		no label	0
367.25	526.5961538461538		no label	0
991.776	531.04		no label	0
70.22784810126582	531.506329113924		no label	0
301.6323987538941	533.5856697819314		no label	0
709.2545982575024	540.27105517909		no label	0
190.08080808080808	534.6060606060606		no label	0
808.7424892703863	538.3991416309013		no label	0
84.6037037037037	542.062962962963		no label	0
1031.251461988304	540.8157894736842		no label	0
320.42524916943523	543.8305647840532		no label	0
525.8275862068965	543.9341692789968		no label	0
199.63658838071694	552.3485784919654		no label	0
48.860103626943	549.2357512953367		no label	0
956.1460957178841	550.8312342569269		no label	0
1051.5974842767296	545.6603773584906		no label	0
564.3840579710145	548.6014492753624		no label	0
983.1458333333334	548.5104166666666		no label	0
584.7148148148149	552.7222222222222		no label	0
7.77859778597786	554.5055350553506		no label	0
470.29333333333335	546.9733333333334		no label	0
492.04089979550105	554.7382413087935		no label	0
1078.4066390041494	552.5145228215767		no label	0
785.4576923076924	555.3115384615385		no label	0
301.92703862660943	568.1587982832618		no label	0
914.9306358381502	561.3728323699422		no label	0
222.32777777777778	559.5111111111111		no label	0
430.73722627737226	556.6058394160584		no label	0
537.1531531531532	557.2567567567568		no label	0
516.0031847133758	560.9076433121019		no label	0
152.94358974358974	559.625641025641		no label	0
444.7117117117117	560.5855855855856		no label	0
985.6046511627907	561.0116279069767		no label	0
1051.7981651376147	560.5504587155963		no label	0
116.51497005988024	564.1976047904192		no label	0
412.2857142857143	562.0238095238095		no label	0
87.87037037037037	565.1342592592592		no label	0
1060.5384615384614	559.2307692307693		no label	0
573.4331550802139	565.2032085561498		no label	0
760.5373134328358	568.7791044776119		no label	0
1013.5691318327974	569.4405144694533		no label	0
31.39051094890511	569.9744525547445		no label	0
62.22126436781609	570.764367816092		no label	0
434.94117647058823	565.0588235294117		no label	0
168.82105263157894	569.7684210526315		no label	0
275.3674121405751	575.2284345047923		no label	0
400.62626262626264	571.9015151515151		no label	0
1031.7475728155339	569.6116504854369		no label	0
844.1030042918455	576.7317596566523		no label	0
5.11219512195122	574.1512195121951		no label	0
346.07729468599035	574.7053140096618		no label	0
545.4040816326531	572.3020408163266		no label	0
589.1428571428571	575.5135135135135		no label	0
804.5744680851063	582.1702127659574		no label	0
102.63888888888889	577.9768518518518		no label	0
159.49714285714285	581.94		no label	0
487.0040322580645	578.866935483871		no label	0
184.58333333333334	583.515625		no label	0
443.4059633027523	585.2981651376147		no label	0
334.6309523809524	582.3928571428571		no label	0
29.823979591836732	589.6479591836735		no label	0
242.5028901734104	590.5163776493256		no label	0
607.0858895705521	591.1426380368098		no label	0
701.1503496503497	592.0909090909091		no label	0
87.86561264822134	591.1739130434783		no label	0
719.6759776536313	588.2625698324023		no label	0
517.2827988338192	593.0		no label	0
734.1419141914191	595.9108910891089		no label	0
985.6846473029045	593.7219917012449		no label	0
1081.3820224719102	600.3651685393259		no label	0
113.96062992125984	594.1338582677165		no label	0
272.43368237347295	607.1108202443281		no label	0
337.9888268156425	593.6033519553073		no label	0
426.9533437013997	600.6936236391913		no label	0
495.18518518518516	595.5		no label	0
307.47435897435895	602.2019230769231		no label	0
1055.6552795031057	602.1894409937888		no label	0
553.4676258992806	603.5107913669065		no label	0
350.91189427312776	601.6916299559472		no label	0
387.1238738738739	604.8603603603603		no label	0
65.22177419354838	604.9435483870968		no label	0
178.2162471395881	614.8592677345538		no label	0
14.013513513513514	606.7918918918919		no label	0
720.25	600.9140625		no label	0
773.609756097561	599.9756097560976		no label	0
619.9586776859504	611.5735537190083		no label	0
646.905701754386	611.061403508772		no label	0
873.0788381742739	611.804979253112		no label	0
51.57142857142857	614.7492711370262		no label	0
843.0	610.2176870748299		no label	0
237.01038062283737	616.9134948096886		no label	0
529.0973154362416	617.51677852349		no label	0
684.1553398058253	617.0436893203884		no label	0
111.0771208226221	619.0796915167095		no label	0
251.19266055045873	618.440366972477		no label	0
293.81739130434784	619.0347826086957		no label	0
334.0112359550562	622.314606741573		no label	0
725.6041055718475	621.9237536656891		no label	0
1032.0686274509803	621.1470588235294		no label	0
78.49407783417936	628.2470389170896		no label	0
924.2990239574091	636.3167701863354		no label	0
759.7777777777778	626.0123456790124		no label	0
29.02510460251046	626.1548117154812		no label	0
143.97101449275362	626.1014492753624		no label	0
309.4622950819672	626.7836065573771		no label	0
1.5769230769230769	626.8653846153846		no label	0
741.4577464788732	632.5		no label	0
1003.9486486486486	630.5432432432433		no label	0
800.2276422764228	631.479674796748		no label	0
569.7934782608696	634.8521739130434		no label	0
828.1029126213592	633.6271844660195		no label	0
612.6849816849817	637.7765567765567		no label	0
670.4935064935065	634.6038961038961		no label	0
984.081081081081	637.5495495495495		no label	0
1051.7402234636872	641.4804469273743		no label	0
52.804255319148936	641.3531914893617		no label	0
549.874251497006	643.1976047904192		no label	0
27.724770642201836	641.545871559633		no label	0
120.05597014925374	652.5037313432836		no label	0
452.0927051671733	647.1656534954408		no label	0
388.40238095238095	647.6809523809524		no label	0
415.1048951048951	647.4545454545455		no label	0
537.3489932885906	642.4026845637584		no label	0
497.17610062893084	647.62893081761		no label	0
184.38536585365853	653.0292682926829		no label	0
337.68518518518516	648.0		no label	0
976.4970760233919	649.3976608187135		no label	0
301.20911528150134	653.171581769437		no label	0
988.8705882352941	651.6588235294117		no label	0
325.52258064516127	653.3483870967742		no label	0
212.8785046728972	653.2383177570093		no label	0
508.1910828025478	653.1847133757962		no label	0
357.0409356725146	656.6842105263158		no label	0
811.845	661.905		no label	0
676.0759493670886	656.042194092827		no label	0
778.0389380530974	662.316814159292		no label	0
842.077922077922	655.4025974025974		no label	0
1072.5936507936508	659.5968253968254		no label	0
656.2573099415205	663.0058479532164		no label	0
2.4646464646464645	658.3030303030303		no label	0
881.8369408369408	667.7575757575758		no label	0
81.2020997375328	664.0419947506562		no label	0
42.211401425178146	663.3230403800475		no label	0
563.0763239875389	665.9470404984423		no label	0
17.259109311740893	666.834008097166		no label	0
209.26153846153846	663.6		no label	0
533.860197368421	674.8305921052631		no label	0
844.2698412698413	669.813492063492		no label	0
1084.1989795918366	673.1428571428571		no label	0
66.86725663716814	673.2610619469026		no label	0
278.91616766467064	672.8862275449102		no label	0
587.8441064638783	671.9277566539924		no label	0
484.472	671.04		no label	0
973.5768261964736	678.7455919395466		no label	0
290.3142857142857	672.8285714285714		no label	0
333.97658862876256	675.9063545150501		no label	0
1041.4368932038835	677.2669902912621		no label	0
709.9046052631579	678.0690789473684		no label	0
752.5461254612546	677.1955719557195		no label	0
994.4104166666667	681.5791666666667		no label	0
8.669014084507042	679.7816901408451		no label	0
116.00757575757575	678.9621212121212		no label	0
821.9907120743034	679.8080495356037		no label	0
906.6390243902439	679.770731707317		no label	0
1021.8035714285714	684.8482142857143		no label	0
47.05163043478261	687.3423913043479		no label	0
171.239852398524	689.0036900369004		no label	0
483.8817204301075	682.3655913978495		no label	0
449.19275123558486	689.3146622734761		no label	0
102.06982543640898	689.9501246882793		no label	0
285.46666666666664	685.0761904761905		no label	0
558.7101449275362	684.822463768116		no label	0
228.23054755043228	692.342939481268		no label	0
25.68503937007874	694.7874015748032		no label	0
853.6520947176684	697.1366120218579		no label	0
604.4517766497462	693.8680203045685		no label	0
270.4428571428571	692.6285714285714		no label	0
565.284052019165	705.192334017796		no label	0
639.1882951653944	697.8167938931298		no label	0
780.841918294849	701.6909413854352		no label	0
490.3263157894737	700.0807017543859		no label	0
524.9550561797753	702.1221910112359		no label	0
704.322	703.726		no label	0
737.9375	700.521875		no label	0
1076.2406015037593	701.6691729323309		no label	0
193.82868525896416	701.9163346613545		no label	0
79.40979381443299	703.3273195876288		no label	0
921.9003021148036	705.2477341389728		no label	0
1044.3478260869565	699.5		no label	0
319.912	704.228		no label	0
343.4347826086956	704.3405797101449		no label	0
672.2980769230769	702.4903846153846		no label	0
214.36873156342182	706.8318584070796		no label	0
1004.2252964426877	706.2173913043479		no label	0
986.6698564593302	710.2153110047847		no label	0
105.92261904761905	713.4722222222222		no label	0
459.5929203539823	715.7982300884955		no label	0
162.7025641025641	715.9076923076923		no label	0
4.948186528497409	713.1347150259068		no label	0
250.08870967741936	714.4153225806451		no label	0
21.056497175141242	713.2259887005649		no label	0
237.3421052631579	711.8421052631579		no label	0
597.0189701897019	715.9078590785908		no label	0
882.1904761904761	718.6753246753246		no label	0
905.9788918205804	718.934036939314		no label	0
305.4021739130435	718.0923913043479		no label	0
636.1669535283993	720.5438898450947		no label	0
735.3161875945538	725.5627836611195		no label	0
44.338509316770185	724.7670807453416		no label	0
180.51569506726457	721.4977578475336		no label	0
421.011673151751	721.8054474708172		no label	0
766.65	719.3166666666667		no label	0
77.13090909090909	722.290909090909		no label	0
485.675	723.025		no label	0
329.37125748502996	729.5309381237525		no label	0
515.2011019283747	728.3622589531681		no label	0
1049.264705882353	727.5546218487395		no label	0
950.2678571428571	731.0625		no label	0
262.9689655172414	731.7896551724137		no label	0
788.9462686567164	733.3492537313433		no label	0
990.1358024691358	732.5432098765432		no label	0
577.8337801608579	732.2171581769437		no label	0
11.017369727047146	733.6600496277915		no label	0
112.74585635359117	732.0276243093923		no label	0
373.84037558685446	736.6572769953052		no label	0
177.2642857142857	733.1214285714286		no label	0
601.3756019261638	738.9422150882825		no label	0
64.5680751173709	739.1079812206573		no label	0
189.3	740.6083333333333		no label	0
1009.0758122743682	733.6534296028881		no label	0
1036.5	737.8142857142857		no label	0
411.98135198135196	742.8578088578089		no label	0
1082.867724867725	740.7301587301587		no label	0
47.75423728813559	739.4491525423729		no label	0
529.779746835443	744.1898734177215		no label	0
920.8498985801217	746.6673427991886		no label	0
477.3606060606061	743.869696969697		no label	0
97.0	745.9153225806451		no label	0
737.9191176470588	744.875		no label	0
247.22873082287308	758.9205020920502		no label	0
1053.726618705036	744.9712230215828		no label	0
273.996062992126	751.5905511811023		no label	0
9.60522496371553	757.7924528301887		no label	0
887.478149100257	752.4884318766067		no label	0
972.7592190889371	754.2841648590022		no label	0
429.55214723926383	751.7116564417178		no label	0
681.963746223565	749.9486404833837		no label	0
558.9033707865168	766.2151685393259		no label	0
947.4628099173553	753.2314049586777		no label	0
1005.8414634146342	757.3089430894308		no label	0
73.16725978647688	758.3701067615658		no label	0
486.77058279370954	764.3811285846439		no label	0
315.5214105793451	763.1687657430731		no label	0
1021.6020408163265	757.795918367347		no label	0
58.60434782608696	770.3065217391304		no label	0
600.0794701986755	763.1015452538632		no label	0
872.5320584926884	772.6265466816648		no label	0
1086.0	759.5625		no label	0
520.2600472813239	764.3522458628842		no label	0
934.4366197183099	762.4577464788732		no label	0
1053.468152866242	763.2070063694267		no label	0
442.2264957264957	766.042735042735		no label	0
376.56050955414014	766.1273885350319		no label	0
290.0388692579505	770.0070671378091		no label	0
737.5238095238095	767.6243386243386		no label	0
89.42477876106194	770.5442477876106		no label	0
30.254945054945054	771.0461538461539		no label	0
662.245508982036	770.377245508982		no label	0
951.4581818181819	773.8072727272727		no label	0
167.12307692307692	771.6461538461539		no label	0
416.94007490636704	774.6479400749064		no label	0
623.445652173913	773.3586956521739		no label	0
1084.5935828877004	778.2566844919786		no label	0
185.56603773584905	773.1037735849056		no label	0
909.9799331103679	778.9665551839465		no label	0
711.1352040816327	782.1045918367347		no label	0
515.6748466257669	798.4103612815269		no label	0
583.9572301425662	785.3828920570264		no label	0
181.47619047619048	784.4013605442177		no label	0
219.75806451612902	791.5645161290323		no label	0
302.02197802197804	785.021978021978		no label	0
613.954465849387	792.061295971979		no label	0
658.0260162601626	788.5593495934959		no label	0
772.8870056497175	787.9435028248588		no label	0
401.2032258064516	789.4032258064516		no label	0
446.60333333333335	789.8166666666667		no label	0
1063.9377593360996	792.4377593360996		no label	0
141.4059829059829	790.6239316239316		no label	0
159.300395256917	789.6245059288538		no label	0
800.1880108991826	793.2643051771117		no label	0
283.4753086419753	792.425925925926		no label	0
1014.6200657894736	797.5871710526316		no label	0
1037.0862068965516	792.0402298850574		no label	0
486.25586854460096	794.7910798122066		no label	0
742.6363636363636	794.2088452088452		no label	0
104.92105263157895	794.9649122807018		no label	0
195.54918032786884	796.4508196721312		no label	0
63.9	797.3857142857142		no label	0
27.403846153846153	809.008547008547		no label	0
301.5673289183223	801.9139072847682		no label	0
589.0739957716702	802.7209302325581		no label	0
9.267326732673268	801.980198019802		no label	0
248.62529274004683	805.0374707259953		no label	0
979.070707070707	799.10101010101		no label	0
707.5118483412323	804.6824644549763		no label	0
848.9638554216867	806.2831325301205		no label	0
559.3151862464183	804.6532951289398		no label	0
967.5151515151515	801.939393939394		no label	0
92.06532663316582	811.2596314907872		no label	0
410.68619246861925	810.1464435146444		no label	0
629.84	811.5626666666667		no label	0
1079.573394495413	811.6880733944954		no label	0
115.78996865203762	813.3322884012539		no label	0
997.8571428571429	811.2443609022556		no label	0
356.92957746478874	813.5774647887324		no label	0
182.2983193277311	824.6190476190476		no label	0
452.05442176870747	818.4761904761905		no label	0
563.6432038834952	818.0291262135922		no label	0
716.7074829931972	819.7857142857143		no label	0
203.44059405940595	818.7029702970297		no label	0
486.16766467065867	821.2934131736527		no label	0
158.76960784313727	823.8627450980392		no label	0
586.4192730346576	829.8571428571429		no label	0
968.1784776902887	829.5354330708661		no label	0
383.39622641509436	819.8490566037735		no label	0
742.9241192411924	823.5555555555555		no label	0
908.1704918032787	826.9344262295082		no label	0
306.37433155080214	826.5133689839572		no label	0
257.28409090909093	827.2556818181819		no label	0
838.3333333333334	828.4469696969697		no label	0
81.83497053045187	834.2848722986248		no label	0
777.5540796963946	832.1252371916509		no label	0
1079.9628099173553	836.4545454545455		no label	0
364.72103004291847	832.6609442060086		no label	0
1020.8136363636364	834.1409090909091		no label	0
417.2393162393162	839.5598290598291		no label	0
476.44363636363636	837.3018181818181		no label	0
12.949409780775717	843.0607082630692		no label	0
215.2828947368421	841.6134868421053		no label	0
1045.8955223880596	839.5671641791045		no label	0
161.62	840.44		no label	0
107.2020905923345	843.4250871080139		no label	0
926.6842105263158	845.7587719298245		no label	0
326.1875	844.6677631578947		no label	0
134.8235294117647	844.5686274509804		no label	0
397.859872611465	846.5955414012739		no label	0
551.2005420054201	851.0338753387534		no label	0
305.8493150684931	847.1963470319635		no label	0
899.5156950672646	846.5201793721973		no label	0
710.042328042328	849.6560846560847		no label	0
730.6573426573426	847.8461538461538		no label	0
56.91463414634146	849.5975609756098		no label	0
758.509009009009	850.8355855855856		no label	0
72.52747252747253	851.9615384615385		no label	0
956.1909090909091	853.8954545454545		no label	0
271.88388625592415	856.5047393364929		no label	0
432.4492753623188	853.963768115942		no label	0
838.8970588235294	855.4117647058823		no label	0
986.1653543307086	856.4291338582677		no label	0
117.65975103734439	858.3609958506224		no label	0
381.06050955414014	863.9617834394904		no label	0
918.8076923076923	856.9358974358975		no label	0
157.54117647058823	862.0588235294117		no label	0
54.50819672131148	860.8770491803278		no label	0
859.1808510638298	868.8058510638298		no label	0
1000.8661417322835	863.0708661417323		no label	0
136.51012145748987	863.6963562753036		no label	0
10.977312390924956	867.4083769633507		no label	0
87.90252707581227	865.2346570397112		no label	0
420.98854961832063	866.6259541984733		no label	0
746.5076142131979	866.2064297800339		no label	0
221.34534534534535	870.048048048048		no label	0
900.3103448275862	870.3505747126437		no label	0
201.87257019438445	875.1252699784018		no label	0
824.2303664921466	872.0863874345549		no label	0
1080.7054545454546	871.5163636363636		no label	0
529.6973833902161	877.1296928327645		no label	0
34.634980988593156	873.106463878327		no label	0
253.56877323420073	872.7546468401487		no label	0
291.41255605381167	876.1390134529148		no label	0
479.5945205479452	878.0438356164384		no label	0
177.1782945736434	877.1162790697674		no label	0
941.7860962566845	877.0053475935829		no label	0
452.9489559164733	881.0812064965197		no label	0
705.7644110275689	896.9644110275689		no label	0
971.0975609756098	884.1010452961673		no label	0
406.9928057553957	882.410071942446		no label	0
372.96875	882.421875		no label	0
93.02995391705069	889.2304147465438		no label	0
331.7096774193548	886.4623655913979		no label	0
1011.1023622047244	890.490813648294		no label	0
354.60348583877993	892.1263616557734		no label	0
802.2535736482287	901.0957116221256		no label	0
849.0705128205128	891.8910256410256		no label	0
304.3333333333333	892.2359307359308		no label	0
231.09690721649486	892.0061855670103		no label	0
270.5353535353535	893.3535353535353		no label	0
1028.4299065420562	890.196261682243		no label	0
136.8294930875576	893.2811059907834		no label	0
13.198393574297189	904.9815261044176		no label	0
379.9786324786325	894.7094017094017		no label	0
521.7129094412331	901.2678227360308		no label	0
744.1111111111111	903.8320987654321		no label	0
767.3772893772893	903.1904761904761		no label	0
882.4615384615385	903.8937728937728		no label	0
399.3129584352078	907.6748166259168		no label	0
924.1847826086956	907.9391304347826		no label	0
1049.6216216216217	903.3459459459459		no label	0
975.857627118644	908.8		no label	0
1058.4597701149426	913.7547892720306		no label	0
51.04085257548846	915.7637655417407		no label	0
265.35125448028674	912.6774193548387		no label	0
290.3157894736842	911.6929824561404		no label	0
1023.3483146067416	914.7696629213483		no label	0
199.61434977578475	916.0358744394618		no label	0
233.33021806853583	917.7196261682243		no label	0
349.1139705882353	918.5698529411765		no label	0
373.2704402515723	918.2987421383648		no label	0
214.0235294117647	917.7764705882353		no label	0
166.05434782608697	933.1086956521739		no label	0
873.1355932203389	920.3474576271186		no label	0
1074.7194570135746	920.8778280542987		no label	0
99.0909090909091	927.28		no label	0
295.8552036199095	924.5022624434389		no label	0
847.9307432432432	941.1359797297297		no label	0
145.49375	930.31875		no label	0
262.3857142857143	927.1428571428571		no label	0
509.09968847352025	932.2647975077882		no label	0
822.6651583710408	931.4253393665158		no label	0
929.1123110151187	933.6328293736501		no label	0
314.1173469387755	933.2857142857143		no label	0
1039.6671850699845	939.3281493001555		no label	0
193.1304347826087	933.6739130434783		no label	0
350.9138576779026	933.812734082397		no label	0
376.3649635036496	934.3394160583941		no label	0
265.80555555555554	935.8888888888889		no label	0
880.35625	938.74375		no label	0
974.75	943.2097701149426		no label	0
1073.5151515151515	939.2537878787879		no label	0
416.97463768115944	943.9311594202899		no label	0
338.0365853658537	941.859756097561		no label	0
394.8066666666667	945.6933333333334		no label	0
289.134693877551	948.4		no label	0
508.35053380782915	953.5516014234876		no label	0
932.195530726257	949.8435754189944		no label	0
11.19163763066202	949.6062717770035		no label	0
154.39405204460968	952.1598513011153		no label	0
230.76923076923077	952.2403846153846		no label	0
75.75	949.6111111111111		no label	0
896.5773195876288	957.6048109965636		no label	0
266.5360576923077	958.5456730769231		no label	0
81.1482254697286	964.0939457202505		no label	0
115.37106918238993	962.1635220125786		no label	0
351.23628691983123	965.6582278481013		no label	0
938.7872340425532	965.8638297872341		no label	0
852.9498525073747	963.0058997050147		no label	0
318.007722007722	966.8223938223938		no label	0
379.8731808731809	972.5509355509356		no label	0
4.25	966.4722222222222		no label	0
1067.7188679245282	970.7811320754716		no label	0
163.015503875969	967.7519379844962		no label	0
191.08532423208192	971.8464163822525		no label	0
51.83037974683545	973.5113924050632		no label	0
286.7061403508772	974.0		no label	0
903.6962962962963	982.9185185185186		no label	0
79.29323308270676	983.5814536340852		no label	0
7.438202247191011	986.3567415730337		no label	0
983.1753424657534	987.6301369863014		no label	0
327.28476821192055	986.0198675496689		no label	0
536.405315614618	991.2607973421927		no label	0
137.18993135011442	995.0663615560641		no label	0
355.12454212454213	989.0695970695971		no label	0
391.37857142857143	989.3071428571428		no label	0
1004.5842696629213	989.3595505617977		no label	0
164.07692307692307	992.7019230769231		no label	0
956.9041666666667	992.8166666666667		no label	0
1027.9637305699482	991.5647668393782		no label	0
111.80882352941177	999.8602941176471		no label	0
1048.6987577639752	995.1490683229814		no label	0
180.55737704918033	996.0327868852459		no label	0
561.0134907251265	1004.2192242833053		no label	0
200.9796954314721	1000.0304568527919		no label	0
616.6340819022457	1006.6010568031704		no label	0
485.34659090909093	1004.3551136363636		no label	0
334.80781758957653	1004.8631921824104		no label	0
80.47577092511013	1003.215859030837		no label	0
234.33901918976545	1009.4840085287847		no label	0
1074.5263157894738	1002.6140350877193		no label	0
577.7453505007153	1015.8140200286123		no label	0
387.2044728434505	1014.3929712460064		no label	0
972.6965174129353	1010.905472636816		no label	0
295.53932584269666	1011.2996254681648		no label	0
454.8139534883721	1014.8870431893688		no label	0
22.345114345114347	1016.6860706860707		no label	0
908.5396226415095	1014.1169811320755		no label	0
1077.4583333333333	1012.03125		no label	0
159.67673716012084	1019.6314199395771		no label	0
365.06642066420665	1018.2066420664206		no label	0
399.85185185185185	1016.074074074074		no label	0
864.4585152838428	1023.0262008733624		no label	0
327.29819277108436	1024.3584337349398		no label	0
489.0795847750865	1027.1487889273355		no label	0
590.1830065359477	1024.986928104575		no label	0
644.3994910941476	1032.531806615776		no label	0
92.45031055900621	1031.9037267080746		no label	0
967.0179533213644	1031.278276481149		no label	0
234.44761904761904	1027.3904761904762		no label	0
896.1506622516556	1033.8526490066224		no label	0
623.0644329896908	1033.180412371134		no label	0
431.2285714285714	1033.047619047619		no label	0
402.53409090909093	1034.9015151515152		no label	0
1061.8428571428572	1035.952380952381		no label	0
146.05172413793105	1037.3275862068965		no label	0
170.4550898203593	1036.8562874251497		no label	0
843.1781818181818	1036.68		no label	0
1019.1666666666666	1035.938596491228		no label	0
126.26553672316385	1036.8531073446327		no label	0
258.405303030303	1036.7878787878788		no label	0
988.1040462427745	1036.6300578034682		no label	0
1081.3488372093022	1036.8720930232557		no label	0
359.6645569620253	1038.9430379746836		no label	0
603.820895522388	1038.1567164179105		no label	0
18.02325581395349	1039.5755813953488		no label	0
322.0511363636364	1037.2045454545455		no label	0
582.2597402597403	1039.3246753246754		no label	0
930.0125	1040.0125		no label	0
285.7586206896552	1041.1379310344828		no label	0
